{
    "French Antilles": null,
    "Nicaragua": [12.8988362, -85.1862709],
    "Afghanistan": [33.9341804, 67.7037327],
    "French Guyana": null,
    "Niger": [17.6053925, 8.0828162],
    "Alaska": null,
    "French Polynesia": null,
    "Nigeria": [8.9773704, 8.677473],
    "Albania": [41.1507394, 20.02921],
    "Gabon": [-0.9038097, 11.5146223],
    "Niue Island": null,
    "Algeria": [28.1321763, 1.6642145],
    "Gambia": null,
    "Norway": [13.1870088, 12.5021417],
    "American Samoa": null,
    "Georgia": [42.3207789, 43.3105088],
    "Oman": [21.5838194, 56.0272887],
    "Angola": [-11.1925908, 17.7743076],
    "Germany": [51.1846362, 10.4541231],
    "Pakistan": [30.2591523, 68.9966232],
    "Anguilla I.": null,
    "Ghana": [7.8570543, -0.9937459],
    "Palau": [5.5008145, 132.9244698],
    "Antigua and Barbuda": [17.3514641, -62.0012368],
    "Gibraltar": [36.1068963, -5.3386582],
    "Panama": [8.4248099, -80.1051498],
    "Areas Under The Control Of The Palestinian Authority": null,
    "Greece": [38.2338876, 24.3982818],
    "Papua New Guinea": [-6.2064657, 150.2675757],
    "Argentina": [-38.4867139, -63.5989943],
    "Greenland": [71.6952795, -42.0769588],
    "Paraguay": [-23.4470203, -58.4493342],
    "Armenia": [40.0710619, 45.0402241],
    "Grenada": [12.1928149, -61.6083852],
    "Peru": [-10.1188645, -76.6438221],
    "Aruba": null,
    "Guatemala": [15.6900118, -90.2891575],
    "Philippines": [12.8526307, 120.4533876],
    "Ascension I.": null,
    "Guinea": [9.9331173, -11.6029865],
    "Poland": [52.0190484, 19.107711],
    "Australia": [-32.205415, 120.2361595],
    "Guinea-Bissau": [11.6688299, -15.2661893],
    "Portugal (Madeira and Acores)": null,
    "Austria": [47.6964118, 13.3457608],
    "Guyana": [4.887443, -58.9258496],
    "Puerto Rico": null,
    "Azerbaijan": [40.178816, 47.9699628],
    "Haiti": [19.0560221, -73.4301039],
    "Qatar": [25.4526592, 51.6027555],
    "Bahamas": [24.0897198, -76.5739731],
    "Hawaii": null,
    "Republic of Korea": [35.7640878, 128.2597577],
    "Bahrain": [26.1111222, 50.596582],
    "Honduras": [15.3001852, -85.7692304],
    "Republic of Moldova": [46.9796313, 28.3900599],
    "Bangladesh": [23.5018976, 90.3440555],
    "Hong Kong": null,
    "Reunion": null,
    "Barbados": [13.19, -59.5354645],
    "Hungary": [47.1611925, 19.505798],
    "Romania": [45.9421426, 25.1537106],
    "Belarus": [53.7174674, 27.9705561],
    "Iceland": [65.2194589, -18.9090616],
    "Russian Federation": [61.62186, -74.7863859],
    "Belgium": [50.5238815, 4.3985053],
    "Iles Wallis et Futuna": null,
    "Rwanda": [-1.9435863, 29.8803849],
    "Belize": [17.1908214, -88.2520457],
    "India": [21.1138313, 82.6750013],
    "SRI LANKA": null,
    "Benin": [9.2245362, 2.3109062],
    "Indonesia": [-2.4670586, 117.8955784],
    "Saint Lucia": [13.8892876, -60.9748035],
    "Bermuda": [32.3191672, -64.7671032],
    "Iran (Islamic Republic of)": null,
    "Saint Vincent and the Grenadines": [12.9913296, -61.2866632],
    "Bhutan": [27.4744429, 90.4357339],
    "Iraq": [33.2196174, 43.9497047],
    "Samoa": [-13.7576404, -172.1010547],
    "Bolivia": [-16.283609, -63.5490037],
    "Ireland": [53.429, -8.3358076],
    "Sao Tome and Principe": null,
    "Bosnia and Herzegovina": [43.9158624, 17.6762372],
    "Israel": [31.3945056, 35.0812614],
    "Saudi Arabia": [24.2221416, 45.0619284],
    "Botswana": [-22.3425722, 24.6862677],
    "Italy": [41.1905551, 12.7058702],
    "Senegal": [14.4661188, -14.5479094],
    "Brazil": [-14.2999238, -51.3060136],
    "Jamaica": [17.6577919, -77.1661754],
    "Seychelles": [-6.9884629, 51.2484077],
    "British Indian Ocean Territory": [-6.3399078, 71.8661519],
    "Japan": [32.9628929, 138.4598582],
    "Sierra Leone": [8.3774865, -11.8860109],
    "Brunei Darussalam": null,
    "Jordan": [31.278418, 37.0921488],
    "Singapore": [1.3214293, 104.0691681],
    "Bulgaria": [42.7257955, 25.6223434],
    "Kazakhstan": [48.0054301, 66.9044258],
    "Slovakia": [48.672498, 19.6994497],
    "Burkina Faso": [12.2472381, -1.5521177],
    "Kenya": [-0.1397602, 37.9082195],
    "Slovenia": [46.1490529, 14.9861415],
    "Burundi": [-3.3894975, 29.9252811],
    "Kiribati": [-3.373, 9.6640998],
    "Solomon Islands": [-9.0276106, 162.8577611],
    "Cambodia": [12.0507592, 104.982527],
    "Kuwait": [29.3140852, 47.7786823],
    "Somalia": [5.1928576, 46.3034748],
    "Cameroon": [7.3675637, 12.2866594],
    "Kyrgyzstan": [41.2198212, 74.7472658],
    "South Africa": [-34.6519318, 27.3117083],
    "Canada": [62.5063863, -96.6632582],
    "Lao People's Democratic Republic": [18.2091734, 103.8596618],
    "Spain": [35.7134257, -6.900898],
    "Canary Islands": null,
    "Latvia": [56.8801097, 24.4212395],
    "Sri Lanka": [7.877, 80.7515016],
    "Cape Verde": [16.00687, -24.0139413],
    "Lebanon": [33.8735886, 35.7537833],
    "St. Kitts and Nevis": null,
    "Cayman Is.": null,
    "Lesotho": [-29.6243002, 28.2335431],
    "Sudan": [15.455098, 30.4360078],
    "Central African Republic": [6.612159, 20.9406978],
    "Liberia": [6.3537579, -9.4876997],
    "Suriname": [4.0236822, -55.9656617],
    "Chad": [15.4459328, 18.73674],
    "Libyan Arab Jamahiriya": null,
    "Swaziland": null,
    "Chile": [-37.1116916, -87.8774631],
    "Line Is.": null,
    "Sweden": [62.0985346, 17.3855922],
    "China": [31.1129269, 104.1375955],
    "Lithuania": [55.1736053, 23.7456182],
    "Switzerland": [46.8132061, 8.2241027],
    "Colombia": [5.9100745, -74.4877364],
    "Luxembourg": [49.8153157, 6.1334744],
    "Syrian Arab Republic": [34.8152198, 38.9230161],
    "Comoros": [-12.0739385, 43.8996386],
    "Macao": null,
    "Tajikistan": [38.8581044, 71.2436169],
    "Congo": null,
    "Madagascar": [-18.758455, 46.8203692],
    "Thailand": [13.0388323, 101.4903096],
    "Cook Islands": [-15.4374891, -161.6204085],
    "Malawi": [-13.248952, 34.295216],
    "The Former Yugoslav Republic of Macedonia": null,
    "Costa Rica": [8.3593642, -84.7659504],
    "Malaysia": [4.6169837, 109.1032371],
    "Togo": [8.5330286, 0.8323756],
    "Croatia": [44.3658141, 16.3288764],
    "Malaysia (Peninsular)": null,
    "Tonga": [-19.7645579, -176.4622838],
    "Cuba": [21.5546133, -79.5434853],
    "Maldives": [3.2015655, 73.1627575],
    "Trinidad and Tobago": [10.7180239, -61.1863204],
    "Cyprus": [35.1758113, 33.4390382],
    "Mali": [17.5744475, -3.9864504],
    "Tunisia": [33.9951331, 9.701047],
    "Czech Republic": [49.8037544, 15.4749142],
    "Malta": [35.9339573, 14.3794153],
    "Turkey": [39.0514487, 35.1916472],
    "C?te d'Ivoire": null,
    "Mariana Is.": null,
    "Turkmenistan": [38.9643808, 59.4773625],
    "Democratic People's Republic of Korea": [40.2961472, 127.5057554],
    "Marshall Islands": [9.646886, 166.482571],
    "Turks and Caicos Islands": [21.5592203, -71.7721318],
    "Democratic Republic of the Congo": [-4.0335162, 21.6723749],
    "Mauritania": [21.0179665, -11.0357152],
    "Tuvalu": [-8.21545, -2.036275],
    "Denmark": [56.2020482, 11.6341948],
    "Mauritius": [-15.4319244, 60.0487113],
    "Uganda": [1.3758793, 32.2868705],
    "Djibouti": [11.8536314, 42.7146093],
    "Mexico": [23.5499482, -102.546227],
    "Ukraine": [48.2821722, 31.1824341],
    "Dominica": [15.3973214, -61.359954],
    "Micronesia (Federated States of)": null,
    "United Arab Emirates": [24.3916716, 54.0092586],
    "Dominican Republic": [19.281524, -70.0898891],
    "Midway Is.": null,
    "United Kingdom": [55.3675, -5.9618026],
    "East Timor": [-8.8628989, 125.7886763],
    "Monaco": [43.6342266, 7.4710098],
    "United Republic of Tanzania": [-6.3733676, 34.9926922],
    "Ecuador": [-1.5661675, -83.6998716],
    "Mongolia": [46.8648138, 103.8333966],
    "Uruguay": [-32.9339395, -55.7851781],
    "Egypt": [26.9133795, 30.8826314],
    "Montserrat": [16.6811277, -62.1931091],
    "Uzbekistan": [41.3861394, 64.606663],
    "El Salvador": [13.7014252, -88.9090255],